商品编号,价格
100021044009,1399.00
100033060796,3009.00
100032149194,3399.00
10055406984027,3548.00
100041545018,4199.00
100041351108,4299.00
13836773522,2098.00
100024424036,1699.00
100051520281,3599.00
100041351132,4399.00
100016960357,4099.00
23388780571,1650.00
10066784094740,3747.00
100054647839,4399.00
100039568404,3999.00
100041351162,3599.00
100009554947,7199.00
100047694264,8999.00
100011483893,3499.00
100046992874,6999.00
100055147461,9999.00
100018005951,3399.00
100042655890,6488.00
100009464799,7999.00
100052883927,5499.00
100052856635,5299.00
100039098622,4999.00
100055147457,7999.00
100016751652,7199.00
100039924870,4799.00
100043588742,4299.00
10055406984028,3748.00
100057677955,3799.00
100039662739,5999.00
100042659892,6499.00
100055335683,4899.00
100056919919,8999.00
100020480561,3799.00
100023239577,7098.00
100042716514,2999.00
100053492945,5894.00
10074130097711,4199.00
100042671778,3699.00
100039356514,4599.00
100054131015,4399.00
100048910082,5688.00
100035852182,3899.00
100052658283,7499.00
10067844697458,4708.00
100037430693,5898.00
100011526087,3246.00
100023681778,3099.00
100043674220,11999.00
100012779151,3699.90
100044025811,6799.00
100050134190,8299.00
49816652076,1198.00
100046501068,7999.00
100026923531,12999.00
100021207879,2299.00
100021207889,4799.00
10040015868240,5678.00
100032747642,10469.00
10048903197641,3499.00
100044672748,4309.00
100026507017,2899.00
10052098062890,6699.00
100038834853,13999.00
10050273895051,2949.00
10056872646587,4168.00
100047431470,4099.00
10052098062889,5599.00
100015189229,2598.00
100056456197,5499.00
100043941956,1399.00
100032989979,1997.00
100056969359,10999.90
100039994558,4499.00
100042984703,3699.00
100049731744,9999.00
100020078921,4999.00
100014352499,2599.00
10052541381997,4499.00
10062839505359,21798.00
100050364273,6499.00
100042886045,4699.00
100036944034,5769.90
10035356528263,1799.00
100052833279,5999.00
100041048620,3999.00
100044935856,4699.00
100046992872,8699.00
100050343492,7988.00
100043600646,4499.00
100045860118,9999.00
100032768490,6799.90
100052940693,11999.00
10045483908997,698.00
100045860138,11999.00
100029902365,3499.90
100037430681,4648.00
100050428212,7288.00
100053016153,6499.00
100038378274,3299.00
100038594672,4209.00
10026537545377,6339.00
100052883897,5999.00
1085794603,3045.00
100043567920,4499.00
100047694278,7799.00
100048958502,6499.00
100018615489,4209.00
100039804874,5499.00
100043250324,9499.00
100046800134,6399.00
100052218361,5799.00
100042393244,6199.00
100041544990,5999.00
100042646404,15999.00
100039356470,5199.00
100052856633,6999.00
100023207945,4479.00
100038834859,2999.90
10046040789173,5199.00
100039675557,9999.00
100031259038,3899.00
10068078849157,1198.00
100016616050,7999.00
100056456219,4999.00
100029902359,6299.00
100018615503,3309.00
100042907980,5999.00
10054631882148,2188.00
100051520307,4998.00
70942309299,6199.00
100041544994,3599.00
100040908546,6798.00
10055862431777,7399.00
100042984681,3699.00
100042716530,3499.00
100043547866,5999.00
100042898422,13988.00
100026923519,12999.00
100033038878,14499.00
100009554935,7199.00
10062578694455,13999.00
100052028185,7698.00
10058903475710,5879.00
100043033739,9199.00
100041048682,4299.00
70467963298,449.00
100049239810,4999.00
100030585508,4399.00
100056642531,5999.00
100055335681,4599.00
100045047599,12799.00
10046437042629,960.00
100035189557,3909.00
100042738032,7499.00
100052891541,6099.00
100014762213,4399.00
10067991622097,3399.00
100018778303,4499.00
10043168935534,4699.00
100029368775,12499.00
100056642533,5999.00
100041770062,2398.00
100012169605,9499.00
100033884237,5729.00
10063407520653,20999.00
100055147459,11999.00
100022815237,5199.00
100033895888,2399.00
100050134202,7999.00
100048377766,4899.00
100047896892,13999.00
100021250873,3499.90
100023130207,8999.00
100048005347,4299.00
100042659840,5499.00
100042305984,6699.00
100040908544,8198.00
100046393522,7999.00
100022003014,3988.00
100021404087,4998.00
100051084373,9469.00
100052658285,6999.00
7340883,2499.00
10074017033811,8299.00
100047275674,6999.00
100053605135,6209.00
100043788298,7988.00
100043600628,5599.00
100044169390,3899.00
100047275686,5899.00
100050087532,3699.00
100042659894,4999.00
32168439541,7599.00
100046992878,4988.00
100023240357,3999.00
100039356494,6499.00
10293516337,1398.00
10034525548992,6299.00
10034525548998,6299.00
100043674282,14999.00
100040890758,9999.00
100045237138,3799.90
100056259279,4298.00
10038878350202,10999.00
100055018087,7799.00
100055733975,4998.00
100043674218,7488.00
100043620624,6199.00
10068642562169,7299.00
100057100069,3998.00
100023428401,4599.00
100037913844,4399.00
100055438851,12999.00
10071433435040,10188.00
10067983447700,14699.00
100046657920,3999.00
11930425329,398.00
100043033735,29998.00
10059463239066,5699.00
100054389261,3799.00
100049239768,4099.90
100020082096,1999.00
10033087405727,998.00
100044503436,6298.00
100039675559,5899.00
100023222651,5999.00
100055018073,5999.00
100012169607,9499.00
100039993758,5999.00
10055862431771,7499.00
100049051338,5999.00
100039356516,5799.00
10067606202017,8799.00
100044491468,5399.00
100041448142,8199.00
100045221092,14988.00
100055335671,6199.00
100032674733,4599.00
100052940691,13999.00
10069108384364,5899.00
100026667924,3799.00
100056352853,5099.00
100049407771,3498.00
10054289538800,2948.00
10022431622845,798.00
100043674232,6988.00
100048918184,3699.90
10026830448851,8299.00
100055335673,5299.00
100032226552,3699.00
10070290313748,4588.00
100052940701,14499.00
100043674230,7988.00
100054386271,3599.00
10049780642717,5898.00
10042176355482,1598.00
10026419575695,1349.00
100027743464,2438.00
100043250314,8299.00
100039675541,8699.00
100009552055,9499.00
13836773521,1699.00
100044025883,3599.00
10072829938827,6799.00
100030585506,4099.00
10068792902502,7299.00
100037278295,6098.00
100039853522,4999.00
100052258633,3999.00
23388780572,2380.00
100052272599,14799.00
100033038906,14499.00
100039924888,4499.00
100042766036,2398.00
100023889747,6999.00
10061436239269,4078.00
100053968763,15499.00
100046800130,8099.00
10045483909002,2599.00
10064221830677,4999.00
100034710060,4399.00
100044381563,4608.00
100023113125,4299.00
100026923529,11499.00
10038237747020,999.00
10053533301046,4499.00
100035902722,3399.00
100049239808,4999.00
100021389125,7199.00
100025610731,5799.00
10026332082566,1246.00
100016960355,4199.00
10071285804486,3788.00
10037539792996,3079.00
10068792902503,6681.00
100039949712,4899.00
100023210463,3528.00
100029907455,4698.00
10058400208147,3698.00
100053767709,4199.00
10044527344297,2458.00
10071511720137,10199.00
100042646056,4599.00
100039592067,12499.00
100047694236,10499.00
100014762179,4099.00
41847385984,4184.00
100046657934,5399.00
100044002903,2799.00
10046491499042,1848.00
100022820507,7699.00
10045483908996,899.00
100042738050,17499.00
100023210441,4279.00
10044527344291,1658.00
100051096087,7298.00
10068558076972,5966.00
100045860140,16999.00
10070294286677,4588.00
10043598885664,2448.00
34193259822,6999.00
64513897795,3499.00
10046504976883,4999.00
100042840834,5698.00
100044025895,3599.00
10068073930104,14999.00
57166599465,2280.00
100023185705,4399.00
100044025889,4799.00
100053605161,3509.00
100049142237,1898.00
10070843581749,4649.00
10041580245532,4798.00
10026339650208,2658.00
10047987710986,1698.00
100035250900,3738.00
10068551019118,5566.00
100049901210,16999.00
100014342453,3598.00
56933152326,2098.00
10063486388202,4299.00
100052940695,12999.00
100039854814,4999.00
100029886529,3499.00
100044034385,7999.00
100042227583,10088.00
11672444043,2769.00
10026181215440,9999.00
10070918625361,5284.00
10056273354679,5469.00
1239166056,3288.00
10073715423681,4545.00
100027743400,3599.00
100038594650,3209.00
10024059621591,2147.00
100042687226,4999.00
10067844697459,5738.00
10040260313922,3599.00
10068229132638,5699.00
100018670771,4998.00
100053605163,4409.00
100055438849,5999.00
10045654632049,3649.00
100032288011,3596.00
100019529387,5599.00
100055158141,2499.00
100029368809,12499.00
63539428438,1999.00
10066998769460,3699.00
100052120649,5699.00
100020874757,12499.00
100037028255,5499.00
100039356468,4599.00
10071792056604,11888.00
100056664655,2499.00
100043727958,12499.00
100040908510,6398.00
100021367618,998.00
10067553372593,5299.00
10070920009359,12999.00
100009552065,9499.00
10072882195476,8393.00
100026293950,8999.00
100041888011,1998.00
100009464797,7999.00
10066553797992,8599.00
10071401986448,8999.00
100028614699,1198.00
100035597878,5688.00
100018543035,11969.00
100042646402,19999.00
100042650922,4899.00
100031445822,5997.00
100043250330,9499.00
10069937412926,3999.00
100035250898,5999.00
100046992858,9499.00
10060209836062,4897.00
10058472301658,3799.00
100052255537,15999.00
10068556099272,4446.00
10071433435041,10788.00
1079906302,1449.00


100025114529,9999.00
100041165414,3299.00
10066784094737,4499.00
52669480181,1698.00
10057612453179,5699.00
10033209764392,6699.00
10023936821336,4199.00
100022309121,3998.00
100042646090,4399.00
10072686866990,5699.00
100039057814,4999.00
10067599155074,11899.00
100044381565,5188.00
100019732827,2598.00
10071265814171,3099.00
100048377756,5999.00
100036191161,1849.00
10022431622846,1147.00
10067055605804,7699.00
10066784094739,2947.00
10051379826980,8598.00
10049917694698,1468.00
100037236768,3979.00
10067990066171,5499.00
100055335677,4499.00
10060209836065,5697.00
10070301629764,2498.00
100055335675,6699.00
100042227575,7799.00
100046501064,2999.00
100042738064,33499.00
10069852025016,3799.00
100049901196,8299.00
100051456127,8299.00
100043512728,5499.00
10051793234045,2699.00
10070750813628,8389.00
10041806327250,2958.00
10063869453814,6599.00
100029368807,12499.00
100036787690,9499.00
10070920009360,13999.00
68538408610,6499.00
100037179905,5999.00
10073713530856,4345.00
100032952538,14969.00
100054819713,8499.00
10070365964144,2998.00
10058721219100,4299.00
100021404077,5998.00
10070897126292,10089.00
52549369229,2132.00
100044025849,10099.00
10071593861550,2398.00
10046097263278,2499.00
100018550875,4999.00
100035902724,3276.00
10069340845246,13999.00
10062824857045,3029.00
100020311405,5688.00
10070038882888,7299.00
100053558151,5197.00
100051340187,8699.00
100043033737,19999.00
100020669352,2449.00
100034093515,3168.00
10054656887823,8899.00
100035364172,4299.00
100056424243,5966.00
10068045129525,3045.00
100041544998,4898.00
100041636275,5499.00
70942339111,6199.00
10045483908998,1299.00
100039579451,3199.00
10032077989458,3279.00
48284850709,4799.00
100055329289,2299.00
100046242456,4499.00
11930425331,647.00
10056672479221,8299.00
10045513127372,8588.00
100028386475,5399.00
61304270971,3199.00
11930425326,1098.00
100031282782,2999.00
100034709996,5999.00
100039356512,6499.00
10055068726385,8699.00
100051523567,5998.00
59445983913,1699.00
100021200957,15999.00
100055335703,4199.00
10031767665089,4389.00
100042829637,4099.00
100021927652,5299.00
100041691448,3899.00
100051253849,4999.00
55775671392,6769.00
18788509146,3449.00
10037293221578,7299.00
100052255527,4499.00
100028347294,3798.00
100018488899,4688.00
100042305976,6998.00
10052444255283,4699.00
100053118885,1799.00
10042176355483,2098.00
10049780642716,5388.00
100027721883,10999.00
10046809816829,4998.00
10042176355484,2798.00
100033922922,8069.00
100043941974,2599.00
100034374215,5999.90
100046370582,2199.00
10068806721503,8299.00
100020084777,2899.00
100040461664,3777.00
10393189949,9499.00
10054061740040,8299.00
10031148121609,5599.00
100029907469,5678.00
10063408591665,6298.00
10043796015200,5999.00
10046512459884,5329.00
100032551504,4998.00
100027184497,6499.00
10068799452727,5899.00
100049656686,3299.00
10062924896435,3539.00
100042508748,4099.00
100026580006,4299.90
10026181215439,6999.00
100020961274,9999.00
100050943011,3769.00
10023354879910,2899.00
10070903049451,5699.00
100055147483,20199.00
100054388947,7599.00
100054923359,3099.00
10068194110495,2349.00
30221803411,2198.00
32161323307,2998.00
100014352553,2599.00
10057557184138,10988.00
10044527344296,2158.00
100039924886,5999.00
100029907435,5149.00
10029779766430,6999.00
10047185268636,9973.00
65261474047,3299.00
100051520313,3399.00
10069456681527,6799.00
100044330280,3199.00
100017248817,4499.00
10059193330024,4096.00
100054376919,12999.00
10070213351620,8694.00
100054303573,1599.00
100055335689,4399.00
10071314973120,5499.00
10067990790085,6299.00
10037101937905,2899.00
10039593657977,5668.00
10070546568762,4499.00
10068637671586,5299.00
100049407751,29998.00
10052684869861,6199.00
100023009339,5388.00
100049731762,8999.00
100049634703,2269.00
100027743410,2438.00
100051285481,5999.00
100053553143,3699.00
10061733587760,4999.00
10068981852213,5299.00
10067990549903,6269.00
65613174360,4498.00
27689962575,5000.00
43520124636,3698.00
100021850333,4249.00
100053553141,1699.00
100031445826,7597.00
100045398311,7299.00
100018358374,2099.00
100030585498,5199.00
10069064889862,1799.00
10023307323772,395.00
100028666099,5999.00
100042305978,7498.00
100034859575,3999.00
10064853643286,5979.00
100047275678,4699.00
100049683316,5499.00
100042650890,4299.00
100035902592,4899.00
100042973105,1998.00
10066998769462,4299.00
10052839394359,3999.00
10038878378514,10999.00
49855938203,10199.00
100025929375,4699.00
100054819709,4199.00
70194458767,3399.00
100051302579,2298.00
10070999035005,3889.00
10058672351007,4399.00
100039648026,3999.00
10070624168110,3645.00
10043577179314,2029.00
100038962384,4499.00
100049064251,5799.00
100054647837,3699.00
100015068401,3639.00
10061867754235,13498.00
100047275682,6599.00
10046736794162,1258.00
100041144006,4299.00
10022629295250,538.00
10037026109559,2469.00
10043808072667,10499.00
100025114521,9499.00
100033014582,5988.00
100027378160,4599.00
100052268381,14099.00
100047431468,3498.00
100038829675,1098.00
10038459699064,2458.00
100015544003,1778.00
26115791736,1480.00
10062508593984,2668.00
10063574819647,3819.00
10070038797730,4199.00
10033387905359,3699.00
10059891042456,4112.00
10067844697456,4098.00
100055335661,5799.00
10068556099271,5546.00
10026403697721,3039.00
10043598885663,2158.00
100051520311,6898.00
100029789397,8989.00
10045483908999,1499.00
10058741790192,570.00
10070533682243,4199.00
10046202824541,6299.00
10031134230974,2699.00
22298647726,1249.00
100034709974,5999.00
100033060826,3698.00
100035906754,4798.00
10073717243191,6546.00
100046242454,6299.00
100049403232,11899.00
10064673743310,8399.00
100042807794,1299.00
100054376931,5488.00
100035250854,4999.00
10051902133342,4288.00
100052772269,5299.00
100008029584,2899.00
10066966955247,6099.00
100055520601,7499.00
100052658269,11999.00
100024513929,6288.00
10027766118128,3178.00
10037907933759,4099.00
100032674735,5999.00
100024787453,3599.00
10029889304172,2199.00
100043941972,1299.00
100042807754,1499.00
100028200219,2889.00
100029700733,4699.00
100055147467,6999.00
100049230834,4498.00
100027743438,3639.00
10071289228977,6899.00
10033087405728,1158.00
100038993581,9299.00
100023212247,3699.00
27689962577,4099.00
10043153828462,2648.00
17651966214,2168.00
100013260405,1609.00
100029820107,8749.00
100044025833,3599.00
10052006472418,2749.00
10026385002468,6294.00
100021039454,3798.00
100038962368,3499.00
10058299527056,6299.00
100052396593,4999.00
100044025861,7599.00
100034710000,4799.00
100014855527,4499.00
10067623538264,3119.00
11930425330,1547.00
10055068726384,8699.00
10068641216812,7299.00
100025114549,9499.00
100024305300,5499.00
10066722886673,999.00
100025908802,3499.00
100023183470,1699.00
10037101937907,2899.00
100056067397,5999.00
10059629413716,1266.00
10068642562168,6299.00
10033013774202,3598.00
10067371139391,1394.00
100019718287,4399.00
10048899122418,4188.00
100018104343,3999.00
100044262525,899.00
10061807657093,6299.00
100026667972,3799.00
100056375403,2499.00
100055158137,2499.00
23388780561,1580.00
10053560039490,4699.00
10061736205929,3399.00
100044858678,10488.00
10030859449000,1246.00
10070301629766,2749.00
10064582145006,4999.00
10038237747018,1738.00
100044025843,4799.00
100044025905,4799.00
10022559551829,2779.00
10073755482360,6699.00
100043250328,9799.00
10062671040532,9799.00
10066906854065,7899.00
100038367265,1298.00
10024833617321,7999.00
11672444044,2898.00
10068069516443,4199.00
100023428874,2099.00
10067055605802,6099.00
100038768525,8999.00
100028666101,6599.00
100044935900,4699.00
100045693870,4799.00
10072437704862,4499.00
10758761845,6769.00
100047275640,5799.00
30221803412,2498.00
10044066213454,6399.00
100020514267,4798.00
10043975687163,3188.00
10073553924977,8987.00
100027699843,2899.00
100044594624,2899.00
100014478981,3599.00
10043707831367,1246.00
100018275005,5299.00
10060925819848,9365.00
100042227605,11588.00
100029886515,5499.00
10070984901923,7029.00
100019501382,948.00
10039406636931,5999.00
10070546568763,4609.00
100045664986,2999.00
100039057820,2599.00
23388780562,1980.00
100025557456,5599.00
100056937237,4799.00
51525488853,6299.00
100037913794,3999.00
10030859449006,3720.00
100053345707,4579.00
100021855251,2999.00
10049060717456,1847.00
100028382333,4899.00
10050853787882,5045.00
65261474046,2799.00
100043724442,10999.00
10057317136632,4199.00
100051268270,7499.00
100043941988,1599.00
100025114527,11499.00
30221803413,2998.00
10062508593976,2678.00
10041580245533,4799.00
100052163439,16998.00
100027633847,6499.00
100038962358,5499.00
100043941976,1999.00
100030441094,2499.00
10050832647923,4658.00
100041373196,3998.00
10063385025252,4994.00
100039511262,4999.00
100041033307,1999.00
28583812439,3767.00
100043941984,1699.00
10055872773344,8169.00
100022917527,5999.00
10062405273303,6594.00
10054080239452,9398.00
52726643942,3799.00
66770331092,6599.00
100042665398,17599.00
10069721766232,4099.00
100053558139,4997.00
100039640688,4488.00
100056375423,2499.00
10049060717454,1498.00
100051406531,3198.00
10030523367129,2799.00
10070903049453,5699.00
100039097294,1099.00
10067990549902,5599.00
10067990790084,5499.00
100056664651,2499.00
100045109165,3399.00
10071853292364,11999.00
100045109157,7199.00
30926744930,4919.00
10060937322115,8599.00
100042885991,5599.00
10068551019119,6065.00
100017787177,4199.00
100028315107,3399.00
10044390865832,2189.00
69276139322,5299.00
100034641067,3299.00
10058472301659,3799.00
10054289538801,4127.00
100032575411,1199.00
100012301257,4488.00
100029484083,8499.00
100014405021,3199.00
10070843581750,4649.00
56293922423,1785.00
10038266364603,2466.00
10069869291950,5899.00
100032990009,1598.00
100034465463,1799.00
100035250856,4118.00
10062863486300,4198.00
10066958681415,2649.00
10069002197102,7088.00
100049272622,2799.00
100034296780,3799.00
100044025921,6799.00
10063855893244,2699.00
10071974461867,6999.00
100039853500,4699.00
100014639687,4399.00
10067371139393,2699.00
100027542441,9249.00
100023020173,2339.00
10057317136629,2999.00
100056218937,4798.00
10068494570782,6299.00
100037386199,1799.00
100008705347,3799.00
100043600612,5499.00
10070435191360,8188.00
25487054335,5519.00
10069040435437,4399.00
100034710052,5599.00
100019718239,5999.00
10067983467620,14699.00
10071968993769,5599.00
100052028171,7999.00
10023698545376,2349.00
10054926464795,4289.00
100041649004,5499.00
10069252705315,6099.00
1741622741,2798.00
100034709978,5999.00
62542227740,3399.00
100052883943,5799.00
100044978054,5799.00
10062860372389,7829.00
10068633313313,2598.00
100046278444,1399.00
100037913780,5799.00
100053376849,3999.00
10063260690551,8009.00
100029820109,8749.00
10072467652929,1799.00
100043339684,2148.00
100032989877,895.00
100052870233,4299.00
10028600516824,5888.00
100030691004,10799.00
100042807778,1299.00
100032062492,3699.00
100013260409,1639.00
44106875770,4988.00
100046657002,4299.00
10060209836064,5497.00
100046242452,3799.00
70942339105,6199.00
10053635676655,5179.00
10068902253088,4999.00
60326162392,1999.00
100048377798,16499.00
100055614051,7199.00
10057805719058,6188.00
10044130881689,458.00
100057504057,5499.00
100051670027,5999.00
10028671405062,5018.00
100057377577,9488.00
100013273460,1748.00
10069989640090,3569.00
16603510426,3499.00
100042807792,1499.00
10032116651886,4488.00
100042509530,2799.00
10045483909001,2149.00
100033408547,6499.00
10069040435439,4999.00
100035902642,1199.00
10070551180801,8999.00
100026923527,11499.00
10025885190619,3998.00
100036810077,1398.00
100029333942,1799.00
10042474391053,2549.00
10030859448993,2658.00
10053102914390,9499.00
10068643393947,5699.00
10068830443555,7724.00
100055335679,5499.00
10052997897304,4299.00
11930425328,1198.00
100050134192,9999.00
100025929391,3398.00
10032609584800,3288.00
10070106948973,7740.00
100022716959,5499.00
100042400530,1999.00
10055583396642,4899.00
10068130584090,2999.00
10043730738041,3799.00
100047008818,2699.00
100032980136,8999.00
10068637548808,11999.00
100034710018,5599.00
10035296713049,4588.00
10044527344292,1858.00
100052772267,5499.00
10062501471783,2499.00
100044503448,7299.00
10037039988587,10999.00
10043153828459,1248.00
28583812440,3767.00
10051369483784,8399.00
100051520299,3999.00
100044503434,5799.00
100030101538,2078.00
10026547018616,5419.00
100049634727,3869.00
10058357229507,4597.00
100052255545,27499.00
63544783942,1899.00
100052334867,1998.00
10063172638510,7999.00
100042646340,21499.00
100014713273,5999.00
100052717623,2798.00
100027184505,7499.00
100029886519,3499.00
100036517568,948.00
100054923355,4699.00
100032575413,2299.00
100041398276,5499.00
100038367267,898.00
12314583541,3799.00
100049064307,1999.00
100042829625,4299.00
100042358526,8299.00
10058303497952,4599.00
100051520315,4199.00
10057276606009,4499.00
71536548703,7999.00
100022607958,899.00
10043826088569,6099.00
100048837236,3099.00
10068641867116,9179.00
100047873628,5099.00
100047275654,4299.00
10070292116468,3845.00
10069262342603,5465.00
10059390217277,5959.00
100041217398,2298.00
100027416802,4288.00
10069702977034,5497.00
100051670017,5798.00
100044594628,2099.00
10046750097546,7088.00
100043250278,8999.00
100041027108,3999.00
100016798534,4099.00
10066984623967,4999.00
10050297380633,6799.00
10058129552254,7799.00
10024475397221,6099.00
10067523937124,3299.00
100030782586,2799.00
10043598885658,1658.00
10048492447611,518.00
100052870249,4299.00
10052847430772,8469.00
100054244377,3999.00
10067300654700,7499.00
100033784664,11469.00
100036364175,5899.00
10071598491612,6269.00
10043577179318,3029.00
10070294286679,5699.00
10043826088570,4298.00
10064879697354,1118.00
10049131476190,1258.00
10070292755431,7299.00
100040890806,2349.00
57166599467,3480.00
100038993607,8999.00
10064879697355,1688.00
100052255511,9999.00
100030101516,2059.00
10070436345080,6699.00
100049248504,14099.00
100049840965,2298.00
11383450672,6699.00
100036441470,9999.00
10067024009850,3388.00
10073456787824,3288.00
100043874117,2379.00
100027743412,3599.00
100043442013,1299.00
100051084375,3249.00
14494288090,2498.00
100052658271,7999.00
10059390217275,5499.00
10041516445119,8199.00
10044783967226,3099.00
10071516759307,5589.00
10061880459819,5198.00
10068549579792,3999.00
10070816818253,7699.00
31787773686,5969.00
57764886894,1698.00
10072793937133,9859.00
100043674254,7988.00
100056375399,1899.00
10053115634364,7999.00
17355053604,5099.00
100020614568,1999.00
44754288974,4069.00
10069460268361,4999.00
100042227587,10788.00
69533268865,9099.00
100045109169,3399.00
100043442011,1299.00
10058593062360,2688.00
100037028281,4999.00
10054107057208,5299.00
100019442995,3998.00
100051617815,7999.00
10021730707123,7599.00
10050289640778,5888.00
100039357242,6799.00
10066290195790,13988.00
100043908543,4688.00
100027599411,1099.00
10058336700416,5899.00
100041033305,1699.00
10059390217276,5699.00
100042305986,5199.00
10057626951917,2398.00
57203548989,1698.00
38480130504,2498.00
100035852162,5099.00
10062584684219,5369.00
10070301629767,3088.00
10046247777837,798.00
100056664649,3099.00
7565173,2299.00
100027401298,3799.00
100042650924,4499.00
10069726935756,2899.00
10066597543243,4719.00
100056648509,3999.00
10069284723926,4604.00
10057829064791,4299.00
27914580588,4499.00
10056183096094,1599.00
10068566440221,5299.00
100044602384,4299.00
11226056059,3199.00
10060948843987,4509.00
24133460705,2899.00
10067345367900,2909.00
100046618344,3987.00
10070746738294,4199.00
100047431482,1499.00
100024061141,4588.00
10055350836102,3599.00
10060010961616,4399.00
100047724589,2269.00
100055158109,2699.00
10067844697457,4568.00
100044025899,7599.00
100054072793,2298.00
100052940709,10499.00
100023113085,4988.00
100049928854,8998.00
10057981092632,5799.00
10065259627146,2899.00
36528671365,1970.01
10068641216811,6299.00
10022233339407,4598.00
100017787175,3299.00
67343676117,5088.00
10070232169319,1080.00
10058483299900,2149.00
26215606052,3088.00
66426249402,2798.00
10070132219723,4348.00
100044602386,1299.00
10067055605803,6699.00
10162122906,2029.00
10067055605801,5699.00
10043616011897,5874.00
10046437042630,1280.00
10046437042646,1580.00
10067295736092,3299.00
10022873113489,2299.00
10070903049452,6199.00
100048837216,2099.00
45170961563,3969.00
10064857142265,7599.00
100039579453,3789.00
10050604865558,8599.00
10022629295244,1399.00
65261474045,2499.00
100019718243,4799.00
10038237747021,1136.00
100024222051,3496.00
10059109321519,5659.00
100039550074,6199.00
10038570074253,3788.00
10028141532730,3698.00
10063308869210,5194.00
100052258635,3899.00
10069449955908,7099.00
10068987361434,6399.00
10067024009849,3188.00
100045526030,4299.00
56933152325,1998.00
10059895019979,1126.00
10066728814036,1699.00
10030452388093,4899.00
10030452388093,4899.00
100055335687,5499.00
100037913842,3299.00
10057757765605,2999.00
100030316581,4989.00
17651966215,1769.00
10061749582788,2899.00
100042265773,10788.00
100023401161,1549.00
68195329537,3599.00
100041549782,3997.00
100023271326,2299.00
10038024250066,4894.00
100042646092,3899.00
10056273354680,6799.00
100041273822,8699.00
10026537545376,6076.00
100051285493,5499.00
100030898396,2199.00
10046686403377,1228.00
100039853480,4999.00
10050850373394,2699.00
100046657950,5399.00
100051670019,8999.00
10022196868465,5709.00
100027416778,2988.00
100048604994,4298.00
10069533771240,1099.00
100043234147,1259.00
10060732839980,4098.00
100044025853,11799.00
100024222045,4099.00
63539428440,2199.00
100042973101,1598.00
10066722886672,849.00
100054072797,1397.00
100041945693,5798.00
10026649194959,4988.00
68112931712,1398.00
100039676577,2949.00
100018538377,6499.00
100053767695,3499.00
10057424775694,1948.00
10053637453424,5099.00
100052904621,6199.00
100051406533,3398.00
100011089969,3499.00
10071014565088,5199.00
100049272582,2799.00
10042188151950,2198.00
10070459779437,12499.00
10066597543244,4048.00
100027705821,6499.00
100028666123,3999.90
100032674743,2999.00
10073143899258,7399.00
100024690163,5588.00
10027288727919,4188.00
10064664035170,6649.00
10067920243677,3599.00
100056375377,2099.00
100020001033,1599.00
100048837194,1899.00
54616887901,4999.00
10043917887943,3798.00
100046370548,2988.00
10063979835056,7599.00
100038240057,3599.00
100019718261,4399.00
100053354085,14989.00
100056375379,3399.00
100037028279,5499.00
10067891468496,6499.00
10043598885659,1858.00
100038367323,698.00
100043402322,6699.00
100054170565,9499.00
10027074345948,2699.00
10071576381974,2588.00
10028261793402,2799.00
100027098814,3999.00
39993326203,3298.00
10061436239270,5499.00
10069952826786,11999.00
100047553864,6699.00
10062930451661,8799.00
100056375401,2799.00
100052028173,6199.00
10027451533142,2399.00
100051322539,4209.00
100045834956,4499.00
100047431476,7699.00
10056822284482,3598.00
11383450671,7199.00
100041402282,6199.00
72077004453,1999.00
10061316421635,5999.00
10068135208242,1258.00
10049117556807,8199.00
57166599466,2680.00
10069708663599,1199.00
100050343520,8488.00
100022046455,2097.00
100043033741,9299.00
100048604978,6498.00
100033884215,4539.00
100050026395,3798.00
100052570323,2999.00
100051253851,4999.00
10072793937134,14599.00
100054962335,898.00
100032427208,3999.00
48225853606,9699.00
100055733991,6099.00
10068637671585,4999.00
10046437042635,1580.00
100041770070,6699.00
100033822492,7999.00
10056514109801,4499.00
100045109177,6399.00
56293922430,2458.00
10065754953249,9299.00
100055158143,2699.00
1555771170,6299.00
10025878473517,3399.00
100043421342,5999.00
10026339660720,3720.00
10056795737058,5699.00
100056424221,5299.00
10061316421637,6499.00
10049060717453,2098.00
10070439022985,5099.00
10045275858439,2399.00
100039804888,4299.00
100039993756,6499.00
100056375405,2799.00
10043598885672,3948.00
10037689397669,6399.00
11930425327,1447.00
10043015081837,1759.00
10059439418606,7849.00
100056218939,3598.00
10062951482570,4099.00
10057356709774,3999.00
10033087405729,1328.00
10873703488,5179.00
5879540,4299.00
10033209764394,6799.00
10036096669486,2016.00
10071265814173,2299.00
10071285804487,4088.00
10071511720138,10799.00
10070436345079,5798.00
10060141190486,4988.00
10043598885671,3648.00
10045519364255,6499.00
10026401613466,2699.00
10062935573109,4394.00
10068633313314,2947.00
10054067790923,3598.00
100048803564,7299.00
10063855893239,2299.00
100047553884,8199.00
100046981970,2299.00
100045047569,11499.00
10069757432377,2399.00
10063480479660,3649.00
10062947021514,4398.00
10067844697455,3598.00
100014342433,3598.00
10066256091826,6399.00
100027743835,3099.00
10067055605799,4899.00
100026658449,7699.00
49251087391,4999.00
10026419575698,2199.00
10071133271986,1399.00
100041398308,4499.00
10068558076973,6166.00
10070533116103,4699.00
10045483909000,1888.00
10064582194324,5799.00
100032945592,6799.00
10071593861548,2398.00
10031134230975,3399.00
10066346187591,2436.00
100055733987,6099.00
100035229102,5999.00
10063486388197,4099.00
10054067790924,4398.00
10061873306177,1199.00
10039022207492,3339.00
100042646106,4099.00
10055110926477,2088.00
100014669615,4788.00
10069715035405,6449.00
100012927766,1099.00
10058038595134,4646.00
100020623388,3699.00
100035902618,3598.00
100042635302,28999.00
100032980138,12969.00
10065857505345,3499.00
10044059283498,5999.00
28716176969,6999.00
100042265771,10088.00
10073074881666,6199.00
10024475397220,4599.00
100025114545,9499.00
64488667870,799.00
10068837414157,6399.00
10054591126975,4699.00
100044825584,1697.00
10062508593983,2478.00
100033503888,3098.00
10038343368401,2558.00
10054289538798,3197.00
100052759467,8688.00
100037913822,3299.00
10043504230413,3499.00
10044567153505,688.00
10071506236517,4699.00
100041940852,8997.00
10046504976884,6529.00
100042646376,19999.00
10052532107422,4545.00
10070240350518,2349.00
100034468439,3769.00
100037028325,5199.00
100029902339,6099.00
100037864443,2519.00
10041158860105,4599.00
10054550205784,969.00
100049417645,7599.00
100045612166,5499.00
100014482829,3149.00
19209488149,2399.00
10061026392020,3099.00
10070541485792,3848.00
100043566216,4339.00
10061749582789,3299.00
100048837242,3399.00
100055614055,1899.00
100043442019,1099.00
100039352902,4299.00
10058287360766,2098.00
100029135317,4299.00
100044430053,4298.00
10067814407375,8299.00
10048194196594,5099.00
10040737626151,1798.00
100027118346,2799.00
10057317136625,1699.00
65261474048,3799.00
10047987710978,1698.00
100047008820,2299.00
100048377786,1598.00
100056218919,5398.00
100054897907,7998.00
10069803206773,9587.00
100042646372,24499.00
10072689123379,7599.00
100044919258,5899.00
100055158107,2499.00
10056514109790,5799.00
100020064475,4999.00
10071974461869,8299.00
10071513682886,5299.00
10067400245404,2499.00
10051279717107,519.00
100039647998,3799.00
100048803554,6199.00
10053134904271,6999.00
10021713150867,2599.00
10070851089850,5688.00
69783566624,6899.00
10031118462144,7999.00
10029986916999,7999.00
100015147657,1588.00
10069918542844,4588.00
67658969450,4998.00
65261474049,4399.00
10036877527557,1899.00
100052396595,4999.00
100018169543,1009.00
10068194114314,4349.00
10058667009865,4199.00
10045079125843,1699.00
12784088653,1793.00
100034710084,4399.00
32161323308,3298.00
10038805191350,2749.00
100044906163,2509.00
100042923821,5499.00
6724837,2999.00
10040858773988,4998.00
10039945832266,538.00
10067877058261,2449.00
10020926079726,3098.00
100037028283,5499.00
100041691406,7199.00
10037539792994,2599.00
10043906797657,7599.00
100034732248,2798.00
100033503872,2599.00
10073475761982,8799.00
27683406577,5399.00
10029764289311,5788.00
10071014565090,5699.00
10050759139745,3999.00
100025041588,1599.00
10032543970652,7699.00
26012871365,3098.00
100056375381,2799.00
10036840453736,4099.00
100029886493,4299.00
10063855893241,2799.00
100008983909,1699.00
100045109173,3399.00
100027210412,6999.00
10055231337373,5299.00
10058117297361,7899.00
10046625969911,4269.00
100032427212,2399.00
10050420287408,6099.00
100012626757,1699.00
10061790928816,3298.00
10053050101434,3388.00
100043674214,8988.00
10037876187528,1399.00
10044787382653,4798.00
100049225476,2699.00
100010998990,499.00
100011616145,5999.00
10058986185949,2999.00
10057842779701,11753.00
100020164181,5499.00
10061646403403,24499.00
10056600608724,3989.00
10072533561997,3299.00
10049403176206,3989.00
10068194110498,2749.00
10070823100958,7038.00
60090120653,2498.00
10058726684221,2548.00
10041159548502,3539.00
10072225073123,4999.00
100035763524,2899.00
10072996726781,5399.00
10067916071654,4398.00
10057863385791,4289.00
100045047603,12799.00
100029902361,4999.00
10057792236392,4349.00
10069996860686,8799.00
45139036981,1529.00
10070038676440,5449.00
52549369227,2049.00
10074017033812,8899.00
100042829631,3099.00
100014386937,999.00
10057626951918,2698.00
10032983921339,5878.00
10065116657304,5999.00
100018516392,1799.00
43520124637,3098.00
10028214279493,4699.00
100044503450,5799.00
10071585586035,8999.00
100032636782,1849.00
10043598885650,1508.00
10031347308102,595.00
10049240831304,8199.00
100053558137,1599.00
100052334853,2898.00
10038342269424,1429.00
10052556720297,3919.00
10026339650209,1999.00
10048044000536,4099.00
60326162393,1198.00
44210324324,1299.00
26215860364,2239.00
100049272602,2799.00
69533268864,8599.00
10036181299984,2398.00
100037913798,3799.00
10069861891056,6599.00
100045852208,4599.00
27631654906,3688.00
100050026385,3899.00
100050026385,3899.00
10064760687216,15999.00
10070132576758,3198.00
10056656542468,5799.00
100029820099,8749.00
10072888549734,100.00
10052388349796,6045.00
100048005341,4499.00
17202140272,2768.00
100053558135,2198.00
100022943411,6199.00
24140653302,10999.00
100019718309,5599.00
10061101717237,7799.00
100052074853,2999.00
10070534052563,4499.00
10055231337374,5699.00
10071576381968,1558.00
100029886497,3999.00
100031282768,2699.00
10034572674686,3299.00
10056514109796,5799.00
13307356724,2699.00
10058903512112,6368.00
100052648671,2649.00
34545500214,5359.00
10070468512113,5499.00
100038367255,1248.00
54556550352,2699.00
100048837220,3399.00
10054819473606,3999.00
10036181299988,3298.00
100051302577,2698.00
10050851485458,3099.00
10046832114490,8599.00
10031480620825,3499.00
100048837234,3099.00
100029368801,10999.00
10041516445121,9399.00
10043453845223,3999.00
100052075853,3798.00
100042265767,7888.00
10060961936158,2899.00
10062862347055,8029.00
67343676119,5888.00
100053016169,5788.00
10028224970399,2480.00
10042955847724,4398.00
10059988794164,2998.00
100048604980,3698.00
10066909837261,3999.00
10068024803220,20999.00
100033299139,5688.00
100039890462,6999.00
100056751189,2498.00
100043442015,1299.00
10071513682883,6299.00
10062495992750,2135.00
100052759433,6988.00
10058108803664,3149.00
100042481890,6299.00
10069533771241,1699.00
100027103792,4399.00
100049272540,3099.00
10058648664799,3999.00
10056123903862,1999.00
100021653893,5309.00
10070966336177,3099.00
10068862279733,2385.00
100023428397,5699.00
100028666119,5799.00
100037687569,4199.00
10039401025539,4199.00
8770177,2399.00
100054748191,7299.00
100047008816,2699.00
100045109155,7199.00
100045109213,6399.00
100046501032,6499.00
18725682558,2549.00
10022605199743,1449.00
10036452639120,1999.00
10060141190483,4288.00
10038024250063,4646.00
10038237747022,1238.00
100049634679,2569.00
100023170471,3669.00
10044528909787,2199.00
100015147663,1488.00
100049417633,5899.00
100034426472,4799.00
10022559551827,2579.00
100028614705,1198.00
10042473909993,3238.00
10024059621593,2667.00
10048722950464,2399.00
68728098603,2399.00
10037876187529,1769.00
30221803410,1998.00
10073446157677,16999.00
10028935940287,1529.00
10028261793401,2399.00
100049731732,19999.00
10067991401995,15999.00
44390952324,4398.00
10058741790193,570.00
10071290053581,4999.00
59445983914,1958.00
100049731764,8499.00
100039592063,10999.00
10070536549090,6999.00
10069340845245,10999.00
67658969448,4198.00
100052028169,9298.00
10025599698753,2670.00
100026207497,9999.00
10066346187590,1959.00
10058845080758,4799.00
10049230205871,1649.00
100037687575,3999.00
10024059621592,3399.00
10051930392190,7799.00
100039946660,5599.00
10068907688760,3199.00
10067982841118,2699.00
10056872646586,4098.00
10063855893246,3199.00
100034709994,4799.00
100020669370,3499.00
100045376792,1698.00
10053115634366,8799.00
100038199056,2209.00
10027451533144,3399.00
44075224528,2599.00
100036060057,7699.00
30748195878,2499.00
10067916071653,4298.00
100039676575,5508.00
100002310026,2799.00
10040737626152,2147.00
10062941102569,4999.00
100045376806,1997.00
10041516445122,9799.00
44496455215,7299.00
10068053562352,7799.00
100032295794,3599.00
100056218917,3398.00
100027184499,7799.00
10068806721501,9799.00
10071290053580,4069.00
10071576381970,1999.00
10053062970346,7299.00
10060561663988,3569.00
10063566723973,7799.00
10066568947320,3358.00
10070293317040,7665.00
10020408961591,599.00
40979483628,1299.00
45170961562,4699.00
10069275319409,22999.00
100039890482,6099.00
100053558165,4299.00
10022887181792,19999.00
10023694953574,5599.00
10063400097139,3198.00
10040824886381,2098.00
100026719468,1099.00
100039357214,12999.00
10073362046263,3599.00
10069731193467,5499.00
10070011999067,6399.00
10073368035705,8299.00
10072524155617,3539.00
100041549770,5297.00
10056576605016,999.00
10061316421636,6499.00
10057846449449,5199.00
100052870251,4499.00
10067949166100,2098.00
100012033471,1899.00
100034710010,4799.00
10071907050164,4269.00
100045725216,3799.00
10072762077922,8279.00
10068806721506,7499.00
10042561132348,1999.00
10068136895522,13999.00
10068745946435,6982.00
10028599484534,7588.00
100037388975,849.00
10060078581146,2800.00
100035666159,20969.00
10060925819846,9065.00
100027087221,3299.00
100056664631,3099.00
10044390432116,5999.00
100021404089,7899.00
10030274897466,4499.00
10068799452728,6399.00
100050317047,2899.00
100014502453,3369.00
10058921460487,8599.00
10058139449743,5299.00
10044066213455,7499.00
10030246596063,2688.00
10068352514401,3399.00
10057681647695,2199.00
1538345429,2798.00
100036364177,5949.00
10028261793403,3299.00
10048059791180,5199.00
10055892449438,1470.00
10047780266803,5299.00
10039756830403,4399.00
100023428876,2099.00
10035152693677,1909.00
10041124133678,7888.00
65500178036,4399.00
100028921899,5988.00
10052334987028,3699.00
10068479129581,3288.00
100044312836,2898.00
100039771541,9248.00
100035852186,4999.00
100014352531,3999.00
10026332082568,2748.00
10049060717455,2447.00
10044138321355,5999.00
10067345367905,3699.00
10024047941560,19899.00
10034355974966,4799.00
10057317136631,3799.00
10042750968306,2999.00
10068880339836,3599.00
100022955705,3799.00
69088625566,699.00
10067982838292,5399.00
100032295814,3899.00
10031134230977,3199.00
100050026379,5079.00
10061733587761,4999.00
10054748578789,2199.00
100036443346,2999.00
10062824857035,3138.00
10053062970345,6899.00
10066905604333,7199.00
100056946331,3799.00
10058654716220,11749.00
10068745946447,8099.00
10043618835077,3449.00
100041217400,2698.00
100043674250,8278.00
43432351135,4398.00
100046992876,23999.00
10050590140713,519.00
100029902389,6099.00
10040541734371,3999.00
100022552945,5199.00
10069861891054,4699.00
100039567956,1099.00
10072986812282,6999.00
10024047941562,30999.00
10052544606046,6899.00
47352471858,2999.00
10070240350530,3749.00
25440708329,1399.00
100045109185,4599.00
100045221072,9488.00
100054507619,15799.00
10043578899237,1989.00
10053544791295,6065.00
51426802475,1349.00
100041545014,4699.00
10047272168671,2098.00
10069416560337,7999.00
10074382893034,4599.00
100018192119,2699.00
10068194114313,3849.00
100032952592,14488.00
10069268889763,3580.00
10062840996934,6289.00
100052940697,7999.00
10068168127535,4599.00
71955709246,1226.00
10058299527055,6499.00
100043674306,4999.00
100043250280,7499.00
10059484153160,3838.00
100043724432,8499.00
100014352585,5199.00
10058741790194,670.00
100039640726,4288.00
100026551505,3999.00
47366432957,3299.00
10070011999066,5599.00
10058726684224,2548.00
100048751205,2349.00
100054072809,1798.00
10034987972958,1799.00
100044430055,4298.00
10067229473068,4348.00
10041377468103,5399.00
100034710028,14999.00
100022383684,999.00
100032062474,5299.00
10061557371736,3549.00
26877580262,2999.00
100043293145,3389.00
100026863608,2249.00
100050134196,6499.00
100032719094,4599.00
10047899639650,5199.00
12784088654,1395.00
100044116381,2199.00
10036181299992,3798.00
10068566440222,5139.00
10067770809471,4399.00
10068136895521,11999.00
100023029021,2499.00
100052145503,5499.00
10023418376798,3499.00
10044041741569,5178.00
100047896904,15499.00
10047462112791,3148.00
100025610755,5269.00
100041656538,5788.00
10068635376963,12799.00
10020926079727,3498.00
100037667377,1799.00
10028358060103,5999.00
100050720051,5499.00
100042265785,10788.00
10060150059329,3699.00
10072524155616,3339.00
10063574819648,4019.00
32421759215,5099.00
100045221110,10988.00
100034426478,4799.00
10066998769461,3999.00
10036649705253,2299.00
10070132576759,3198.00
10070732907433,798.00
31224129825,4489.00
100043442021,1099.00
100043250312,8499.00
1238701404,6299.00
26115791732,1380.00
10069299629610,3715.00
100046618368,4999.00
16883367607,1750.00
100032980134,6999.00
10031837327815,3245.00
100033712155,6499.00
10057060774525,6399.00
10022196868466,7299.00
100020483262,3599.00
10067555853343,5499.00
10033964811888,6499.00
100043234139,1159.00
10064318571351,20999.00
100044025897,4749.00
67658969449,4598.00
10038492999603,16499.00
10037939654389,4399.00
10066253996768,21499.00
10029982414968,5869.00
10034355974968,5099.00
100046392336,3959.00
10070808224739,5999.00
10066294948627,4099.00
10025031195019,5399.00
10053639960782,3309.00
10068747364652,3299.00
100026698273,4399.00
10034326988038,5898.00
100023020207,2399.00
10042750968301,2799.00
10049957776253,4599.00
10151049050,1399.00
10029424278029,1699.00
100041770042,14999.00
100022943399,7299.00
10046247777838,1097.00
59390326417,3599.00
10064752041384,3599.00
10065572314085,1748.00
100019718241,5999.00
100048837212,2399.00
10037364736496,2149.00
10068194110499,2949.00
100042227569,7688.00
100039949714,4399.00
100055147473,14989.00
100026462888,2899.00
10043578667381,3649.00
100041677620,6698.00
10035982259428,3149.00
68538408611,7299.00
100010054749,6588.00
10035088509192,899.00
100039373282,7999.00
10057981048559,2059.00
100037913800,2978.00
1334943183,2498.00
10065078812367,4599.00
100052759429,8499.00
10058220095814,2889.00
100033408563,9999.00
10072150998869,7989.00
10069002197103,6888.00
10061807657089,7499.00
100051617813,6699.00
100051523569,6797.00
10066333639445,4239.00
100051884425,5788.00
10038805191351,2149.00
10068815353427,6999.00
100044594594,4499.00
100035635207,4499.00
10070389420430,4539.00
100053118869,2999.00
10033013774203,3998.00
100045852186,5299.00
100021389129,7999.00
10055354360739,2888.00
100031615546,5998.00
10061880440810,4628.00
10046247777839,1098.00
10068940229777,7099.00
10068182495329,7499.00
10049131476188,1258.00
10028261793399,2199.00
10044192195390,568.00
100049348047,4969.00
10068057612554,8899.00
100022955397,999.00
10068194114315,4549.00
10048492685781,1098.00
10020034127951,2399.00
100046800060,5499.00
10038266364602,2739.00
100034093495,3699.00
100006176259,679.00
10046733714905,1388.00
10069404601310,5779.00
10065117697508,4999.00
100023428395,5699.00
100014352497,3999.00
100042227607,11588.00
10068902253090,5188.00
10064334131980,4099.00
100029700727,4699.90
10054631882134,2798.00
10059895019988,1488.00
10067916071651,3598.00
100029644030,799.00
10063855893243,2599.00
100036368212,5498.00
10068927030979,5299.00
100055362681,5999.00
10064463278620,4599.00
100027433885,5499.00
100040678366,1999.00
10758761846,7099.00
100028151263,2099.00
10031715771364,2399.00
10039348279543,6499.00
100043572286,4999.00
10068135208241,1288.00
10045899138701,1226.00
100049769143,1099.00
10030246596067,3349.00
10047152349135,3999.00
40330510051,5299.00
100054393395,21999.00
10071593913405,15999.00
10070178868553,1549.00
10069867933288,4299.00
10054511218881,1099.00
100041677674,7098.00
10061099163643,4599.00
100023401199,999.00
100028102603,4399.00
10046437042645,1380.00
100038367251,1448.00
10053624096843,2999.00
100024901006,3199.00
10063022717452,7199.00
10068853392926,4698.00
67476030851,3248.00
100053118867,1799.00
100006144869,999.00
10031247692845,566.00
10071974461870,9999.00
100053778931,3399.90
10057626951916,2198.00
10028311951392,9499.00
10049098048233,2599.00
100041259534,1999.00
66264081458,7199.00
100044825588,5809.00
10068801774010,6199.00
10067935414515,4199.00
100042923795,6199.00
10067735565994,4698.00
10066263995301,16599.00
100042659872,11999.00
100039364528,6699.90
10052864395489,4799.00
100034710066,5599.00
10046183998336,1099.00
10047272168670,1998.00
10028324772988,2349.00
41546962277,2498.00
28881775784,5599.00
10037122285104,3799.00
100021923287,6599.00
100032226550,3499.00
10067990549904,6399.00
100025114533,9499.00
10032153706722,4999.00
10047071117989,7699.00
10065469051000,1299.00
10067193453924,4988.00
10058726684223,2248.00
100026667914,5199.00
10067371139395,2049.00
10064676943514,3999.00
100019399649,3099.00
10061733587762,5999.00
100003439818,3799.00
10054631882149,2498.00
100052264675,9499.00
10068529994214,1299.00
10032594346793,2599.00
10060685372830,3999.00
10064636134189,2559.00
10043598885662,1958.00
100042712096,1099.00
100043295784,4399.90
10024832322307,2080.00
10069132927876,2288.00
100047724573,2569.00
100056218921,4298.00
10047789990569,6199.00
100056664653,2499.00
10049800971547,6999.00
10028240804031,4199.00
10028231982689,5099.00
10069252358877,3988.00
100043293187,3198.00
10044390432111,5999.00
100049683318,6599.00
100026863572,2249.00
100044602350,6499.00
10066959387609,4499.00
10071369124523,1088.00
100033251524,4298.00
10044110784316,9999.00
10029784388944,2199.00
100023145485,7299.00
100053157279,4999.00
100028102605,4899.00
23388780566,1880.00
10039899262563,4988.00
10038654855517,1999.00
41495707471,2199.00
69533268863,7999.00
100026719466,1199.00
100033116033,5699.00
10057706899493,5299.00
10068194110503,3349.00
10051279717105,520.00
50705285377,1998.00
100053118871,1499.00
10067229590381,1999.00
10038237747026,1998.00
10049112992125,12698.00
10028906496818,5699.00
10068902253089,5488.00
10068135208248,2088.00
100042731238,2299.00
10043730738040,2699.00
100018192145,1678.00
10066153602454,12999.00
41546962273,1998.00
10048618290588,5199.00
10068990836825,3298.00
10071907050168,5169.00
10043153828464,2488.00
10065751126538,3699.00
100044025945,9299.00
10064388162326,8499.00
10069920369924,8999.00
100032427244,3299.00
100041373294,3899.00
100030782576,1999.00
10071976464295,4269.00
10457776243,5999.00
100023113143,3699.00
10068194110506,3549.00
10046634416228,2799.00
10057317136626,2099.00
100038199092,2998.00
10049191708354,4399.00
10026402614512,5788.00
100027184503,5999.00
100039853478,5799.90
10068181787975,2949.00
10028224970393,1580.00
10028224970395,2280.00
100043442017,1099.00
100021653895,6809.00
100037906376,4969.00
10070554999009,5799.00
10055354360749,3699.00
10039359920536,1448.00
10030725355549,7499.00
10041643932422,5799.00
10028258999963,1480.00
10038960871877,3299.00
100032575415,1499.00
10068637548809,10499.00
10057797513652,3059.00
100056664637,3399.00
10058108803668,4499.00
10071285804488,4388.00
10068191883951,2899.00
10058099556161,3588.00
30424761200,5799.00
10050599845694,7899.00
10060828092473,3298.00
10043730738039,5299.00
10034833600720,8999.00
12314583539,4299.00
10070523628798,6199.00
10612815990,718.00
10071589739625,9999.00
10063172356465,8399.00
10067055605800,5399.00
100008799548,4699.00
100043293191,2698.00
10070134740581,5199.00
10028558177307,7488.00
100046981534,3269.00
10043153828465,1989.00
10056872646584,3398.00
10056272231104,2498.00
18788509139,3849.00
10054748578790,2399.00
10038809257491,2499.00
10026252439725,5097.00
13307356725,2399.00
10044527344295,1958.00
10066582262732,1588.00
10068624548903,3299.00
100047008842,2299.00
10071907457604,6299.00
10055406984025,3797.00
100042973099,2248.00
10026780617711,8998.00
10054150810307,4399.00
57940829880,4497.00
10048898632376,2999.00
69117201328,3699.00
10070903049454,6199.00
10070435191901,8299.00
10069861891055,4799.00
100051425881,3099.00
44390952325,3998.00
10057317136630,3399.00
10069465143810,2999.00
10055067706342,5299.00
10035689494781,2209.00
100026698275,4299.00
100045109211,4599.00
10051975040578,4699.00
33589302133,2529.00
100042766044,3998.00
10047987710989,1298.00
100025994048,6999.00
100023726926,2499.00
71592489341,3118.00
100038367271,1098.00
10068989011116,5998.00
100017213127,4009.00
30477768459,6299.00
10040662094859,1775.00
42502671585,3599.00
10612815989,499.00
10030656872591,3639.00
60090120654,2898.00
10038358198084,4299.00
100055335685,6299.00
100012726185,2999.00
100056375397,2399.00
10034557017095,2799.00
100033002106,1849.00
10050696157122,4099.00
10056514109783,3699.00
10034519815472,2399.00
10059670057184,3839.00
100043941986,1699.00
10055406984026,3997.00
10064940240111,599.00
10062643180954,10899.00
100021770028,987.00
10063855893249,2899.00
100020623366,4299.00
100013260393,1748.00
100042766040,2198.00
10059629413715,1368.00
10047987710981,1398.00
10038878350204,13999.00
100044708851,2049.00
10026339660712,3288.00
100042908002,8699.00
10058129552250,5099.00
10056892397719,2098.00
10068184374382,2999.00
100045891959,4299.00
10058716320282,1439.00
10057424775697,1948.00
100046657006,3599.00
10051165285154,3588.00
10057150227558,4969.00
100039178878,1199.00
100041770054,3987.00
100020394573,3249.00
100044025754,4999.00
10028224970390,1499.00
100039731888,3798.00
10068421711826,5299.00
10070301631506,4499.00
10052288058027,4099.00
100032746839,14399.00
10068800053336,3488.00
100047694290,1299.00
10044390432121,5439.00
10026502063425,4199.00
10023464905868,2599.00
10021502963143,2299.00
100042659902,5878.00
57764886897,1998.00
100056517927,2599.00
10039426317845,3899.00
100032392950,3309.00
10059957371928,899.00
100050134188,7799.00
10047987710987,1898.00
10055009608944,5299.00
100028614703,1548.00
10044041741568,4578.00
10035689507517,2779.00
100022309143,4796.00
100047694286,2298.00
100053411547,5199.00
10060986306075,9388.00
100041802149,3039.00
100029163041,4099.00
100041677638,5798.00
31266196741,10999.00
100044710415,3199.00
10067833625693,3699.00
100042227571,7688.00
10047987710982,1498.00
100035777295,799.00
100053484907,1499.00
10068135208243,1688.00
10055354360733,2998.00
10068194110496,2549.00
100056664635,3399.00
100048837244,3099.00
18321204458,2899.00
10064712564579,5939.00
10046736794160,1199.00
10072807233097,5979.00
33903694463,3599.00
100052302427,3999.00
10031492949349,6399.00
100039854816,4699.00
10059629413719,1568.00
100046618372,1187.00
100042886029,5599.00
10044527344293,2158.00
10043015081838,1999.00
100043727960,8699.00
10036877527556,1599.00
10068348294865,3638.00
10044567153504,866.00
10074182961262,499.00
10067855193017,1068.00
10067994535239,6099.00
51731884936,599.00
100044262527,4999.00
100044025903,3599.00
100025691592,1748.00
100021254043,1368.00
10025912952677,5788.00
10056702575172,5299.00
10072104300610,5793.00
10071907457605,6299.00
100025687722,5699.00
10062762600996,6399.00
34545500216,6199.00
100038886438,3099.00
100024847576,1098.00
100045664974,3399.00
10067224890956,3399.00
10071363883841,14999.00
10055370538703,5299.00
10034355974969,5399.00
10072901000648,10499.00
10073384534149,5988.00
23388780573,3180.00
10057424775698,2148.00
100041518220,3749.00
10052566030712,6299.00
10055479047772,16999.00
68075503852,2999.00
10065191343416,1246.00
10027560281718,2899.00
100046422427,4549.00
61304270970,3099.00
100042227577,10788.00
10058117297360,7099.00
100032024260,4009.00
100052316393,17499.00
100056067395,2999.00
10044110784319,13999.00
10054607781589,8499.00
10048593349265,7699.00
10061730231596,30498.00
10065391462807,1018.00
10073433225363,2230.00
100024858237,4899.00
10052530746078,4099.00
100052074855,2099.00
100011338057,3199.00
100047431504,6488.00
10068205475890,3399.00
10022629295249,1299.00
100049634725,4099.00
10066853947570,4799.00
100022662317,9199.00
100049272580,3399.00
100035902600,4999.00
27914580586,4299.00
10061557371734,3549.00
10052556720296,3429.00
100043377483,7299.00
10055363551793,4699.00
10043943223921,13088.00
10065857505350,3899.00
10034114187763,3098.00
100038015162,5299.00
10057322142269,1499.00
100048473262,6999.00
10052909527668,2588.00
100033749740,1899.00
10067627264252,2649.00
10069977489378,3699.00
100032575409,2099.00
10066398982480,2998.00
32161323306,2698.00
10033964811886,5099.00
10069405102935,3999.00
10067991417347,6299.00
100018572497,5869.00
10038065337234,4649.00
10043975687162,2888.00
100041373198,4198.00
10059850512973,999.00
100046618374,990.00
10055406984024,3327.00
10072635593736,6018.00
10061880459818,4698.00
10061532425487,27999.00
10056513450695,6499.00
10052259470519,4899.00
72286229091,1479.00
10058592166008,2498.00
10061557371738,3549.00
10063339599237,4049.00
10069870351279,11999.00
17966052764,2550.00
10067577764058,2579.00
100042227601,13188.00
10055363551792,3999.00
100041802173,2949.00
10068806721502,9499.00
10061482072846,1398.00
10062504892470,3399.00
100033060806,3889.00
10067601279116,5815.00
10062644645048,3499.00
100032447533,12999.00
10026619772350,2288.00
10072188694707,3588.00
57246885552,4779.00
10074132380908,3999.00
10068747364657,5799.00
10063182809316,9299.00
100032996640,4269.00
100044602372,1299.00
10020931272519,2749.00
10067391769053,69.00
100055147469,8999.00
100022199957,5999.00
10039401025531,3499.00
8770193,1699.00
10062829211032,3299.00
10070038676438,4799.00
70984876814,1088.00
100034859595,3899.00
68730236103,3389.00
64513897798,4299.00
10070750813626,7589.00
10021633012660,5499.00
10059440218130,5999.00
10061092877416,4799.00
10043153828475,1658.00
10043153828480,1048.00
10061095340689,7499.00
68652137148,6599.00
10058648664798,3999.00
10058592166009,2698.00
100024222029,5997.00
100015479613,3189.00
10071985358515,4099.00
10056273354678,5799.00
10046183998334,899.00
10067295736094,3699.00
100039373268,7999.00
68019707575,6599.00
100018192117,3999.00
10043598885651,1708.00
10059025121938,5699.00
10066711517132,4599.00
10072826369003,4199.00
10058129552253,6899.00
10063485009479,4999.00
28355253537,4049.00
10028981210635,4988.00
10023321986651,8488.00
100044602354,3399.00
100044605895,6499.00
10047191166393,6799.00
46041878699,7399.00
10066841006638,2499.00
10073714403198,4199.00
10037263164432,1399.00
10063276323066,7199.00
10035648130878,5399.00
10044143323281,11499.00
24289038200,999.00
10063339599235,4789.00
100048377792,4499.00
10065001469826,1080.00
100039611026,4599.00
100042514204,2499.00
10026619772275,4198.80
71984525263,3799.00
100017922559,2598.00
100039557755,2799.00
100047275688,4999.00
10062390204525,7999.00
10066333639444,3799.00
36528671371,2039.00
25545004363,2999.00
10044150622737,4099.00
18321204459,3299.00
10038063141225,8598.00
10047355501746,6999.00
100053574855,1699.00
10050420315432,6899.00
10064879697360,2088.00
36528671364,1839.00
10020186734379,3999.00
100047724577,2169.00
10065117697510,4794.00
10050806534608,689.00
100027987438,18969.00
100039210070,4599.00
10058726684220,2248.00
10043598885680,3548.00
43173008310,5499.00
10026339650206,4230.00
10062780135626,5569.00
10068059091459,2199.00
16883367615,2099.00
10052440514434,3949.00
10070240350533,3949.00
100049248488,14099.00
10046437042634,1380.00
10042850773051,3099.00
10043153828478,1456.00
10046247777847,2098.00
10062437163795,3059.00
100045109205,9299.00
100044025821,10099.00
10072266015326,9994.00
10054547515704,5799.00
10068100651642,4899.00
10061482072847,1598.00
10067994535240,5208.00
100050026407,20998.00
10060828092474,3598.00
10059072379768,7699.00
100052205993,6288.00
43786539977,3209.00
100049634699,5899.00
100047724575,2469.00
10072300262073,4199.00
100022274445,4999.00
10048722950462,2099.00
10054996522904,5899.00
10050696148899,3449.00
10068529994215,1299.00
10056514109795,3679.00
100021855235,2299.00
100054897875,1287.00
10067852488701,3499.00
100045725196,959.00
10052910908903,2878.00
65109241181,3599.00
100027378178,6999.00
100048837238,2499.00
10067579578988,3099.00
10021319607993,2398.00
100044576779,2998.00
100035134114,1599.00
10044029581860,2289.00
10073144331477,1954.00
29552095196,3389.00
10046437042631,1480.00
10055363551791,4399.00
10071014565089,5699.00
100021855257,4498.00
71955709238,1980.00
100029886501,3799.00
100045221070,9988.00
100024690161,5588.00
10057772490548,150.00
10071371422434,6699.00
10040949117976,3780.00
10032299638757,6295.00
100032989903,1247.00
10048781689639,2038.00
10060653837055,7299.00
10054751342998,8499.00
10026419575696,1758.00
10035149641049,2009.00
10068194110510,4099.00
10046877832104,5699.00
10052334987029,5799.00
10037062810316,2599.00
100033116035,5488.00
100042433912,4498.00
10056272269721,3098.00
10068180199636,2999.00
100047087666,2599.00
10068135208255,1888.00
10068801843611,7299.00
10030168617362,2799.00
10028332761786,3799.00
10067983461531,9999.00
10038266364599,1999.00
100039890468,4698.00
10064829131113,3199.00
10062671040536,9299.00
10073371233910,3288.00
10054289538794,2127.00
10028097088499,1598.00
10069916266295,4699.00
10061288142384,3769.00
10027198135274,4270.00
10060561663986,3119.00
10068194110497,2799.00
10068194110494,1849.00
10070983692817,4899.00
28504238381,3999.00
100022696351,1199.00
100020941276,1199.00
10040742266458,4388.00
10070240350525,2749.00
10044161469228,2299.00
10068834158393,5899.00
10028224970391,1880.00
100033712658,8999.00
100036908875,4899.00
100021408894,8799.00
10069533771242,1858.00
100018572501,5869.00
10071772064339,1599.00
10048722950465,2899.00
10065801572871,2899.00
10033905900235,4199.00
10070480027810,3599.00
100041048165,2079.00
10071265645006,4199.00
10043153828471,1688.00
10071287636880,7499.00
100046107405,5299.00
10052444255284,4349.00
100054923357,3899.00
10053904791916,5099.00
10048059791178,4199.00
10068910090371,4098.00
10062916547564,2799.00
10062666322059,3999.00
10063393566504,10099.00
10024047941557,13999.00
100029080411,2199.00
10038266364600,2288.00
100014482817,3149.00
100052145857,7299.00
10069852025014,3099.00
100052264685,10499.00
27479675919,1499.00
100035852166,6999.00
10055406984021,2697.00
100042444892,3198.00
10025912952675,5788.00
10067839178033,5979.00
10048884847862,4149.00
100045109159,3349.00
10054511218882,1099.00
10045097735008,5999.00
10073461203225,6499.00
100038584689,2649.00
10070533116104,5799.00
100046092319,6988.00
10055354360738,2698.00
10042539937934,3339.00
10062843156621,1799.00
10057317136628,2699.00
10052259470518,4119.00
100037028289,7499.00
100030780194,1169.00
100038134984,5399.00
10071509243170,5599.00
10027071635043,2699.00
71694263981,3789.00
10036063532026,1499.00
10038266364607,2836.00
18788509147,3589.00
10067905688327,3488.00
57764886895,1798.00
10043730738035,2999.00
10051706286439,4966.00
10056278049748,2399.00
61095480979,3148.00
10060157232055,4649.00
10064879697345,1288.00
10021685251477,2698.00
10045513127375,9788.00
10071052794623,3999.00
10059484153161,4138.00
52621554187,1698.00
10054595933871,6999.00
10068880339837,3899.00
68149713746,5999.00
100051051543,7499.00
100050364277,6299.00
10062522701799,1249.00
10046634416222,1780.00
10068791663606,6364.00
10071343391668,6549.00
10055430340889,2999.00
10060561663992,4669.00
10031347308104,695.00
10028634115029,5188.00
100019442993,3598.00
10068100651637,5099.00
10040541734374,3999.00
61304270972,3388.00
100041544988,3499.00
10055899138716,8499.00
100014219087,1699.00
10055354360722,1998.00
100017372380,7999.00
10071007954976,9999.00
10068745946450,8999.00
10061034127416,2599.00
100020941258,1359.00
10043504207210,3199.00
10057805719054,5588.00
10043058498807,6549.00
10048899122423,3799.00
100053971317,1619.00
100052248047,18999.00
10038728317284,2588.00
10030539565683,5798.00
62567791206,3499.00
10065116657305,6199.00
100042738038,25999.00
100029886509,3799.00
10059443285698,4488.00
10046247777841,1298.00
100023064637,4198.00
10053090676231,4799.00
68979362435,1649.00
10067524580348,12799.00
100052658287,7699.00
10071446895057,2899.00
10040559223699,4499.00
100047698064,12499.00
10070301648360,5688.00
10028224970394,1899.00
100052028175,5999.00
100022943423,7299.00
10057846449450,5399.00
10037724637474,4799.00
10069132927877,2788.00
100040911415,28998.00
10067923871946,3049.00
10055670977265,899.00
10067756322561,1288.00
10047987710988,2082.00
10039593657975,4479.00
10025734146080,918.00
10072281227618,2399.00
10066582262733,1788.00
33900672646,2799.00
10068853392936,6598.00
10042908853430,6798.00
100029886521,4299.00
100047431502,9999.00
10038237747013,1598.00
10067735565982,3298.00
10039013235321,4999.00
10038266364604,2999.00
100024222053,3298.00
10048781689640,2348.00
100041110309,6308.00
10067033285336,4999.00
100049901208,14999.00
100042092124,5288.00
100042671790,5199.00
10029898893356,6799.00
10059678501414,5999.00
10047728187588,5299.00
10068172323851,2249.00
10026336461394,6499.00
100050317029,5299.00
100054376937,5999.00
10055369763767,8499.00
10071772064341,1599.00
10044182067532,3799.00
67144459774,6299.00
10028195363792,3449.00
10028155262328,15999.00
10037062810324,2599.00
10070749810454,5499.00
100029820113,8749.00
10043517474358,6738.00
10044881894356,2395.00
10023793780959,5999.00
100041947475,3198.00
100028137853,3399.00
100023010059,7999.00
10055892431357,13499.00
10058137214692,3799.00
100053118883,1699.00
10070540542670,2819.00
10046437042639,1880.00
10024059621598,3899.00
10054061740032,8299.00
100027542505,9249.00
10043153828476,1436.00
10057317136627,2399.00
10069798676551,2299.00
100033503874,2899.00
10070252703189,9499.00
48690619253,898.00
100037864449,3229.00
10068068470333,3949.00
100057237535,9499.00
100029080455,2399.00
44024691836,4295.00
100045224764,2599.00
10068910090375,6098.00
100018313977,8499.00
10041821112045,1598.00
10062947021512,4399.00
11782675167,4999.00
10072784857496,6797.00
10044567153506,1039.00
100020480593,5899.00
10055354360723,2177.00
10061880459814,4618.00
100048605008,4398.00
10041914573132,299.00
10072300262074,4099.00
100026207499,8499.00
10045099630129,520.00
100050599965,1999.00
36528671367,3079.00
100014009651,1699.00
10047943143826,6299.00
100052028177,3589.00
10064832401790,708.00
100042858162,4999.00
10068088579254,41098.00
10056514109802,5799.00
100043402258,7999.00
10057237998336,7599.00
10060150059317,3499.00
66426249403,3198.00
100042985675,8999.00
100047431466,799.00
10043504315625,4199.00
10071974461868,7899.00
10043598885655,1918.00
10042597217517,2999.00
10068985710170,5588.00
10024047941559,16999.00
10072882846321,9499.00
100041648976,5499.00
100052688755,2469.00
100054072811,4298.00
100044025927,9299.00
100036368264,3999.00
10069533771243,1958.00
100046501066,7699.00
10071369124524,1288.00
10068352514396,2699.00
41847385986,4398.00
10052388349795,5045.00
100041217426,3098.00
10056381615855,4388.00
10053786844319,4498.00
10024491653924,3299.00
21463870186,2899.00
10065889384758,4599.00
10056172478439,1408.00
10056172478440,1508.00
100036570485,2999.00
50697304629,1899.00
100036139418,2299.00
10392730152,8999.00
10048492447612,698.00
10068194110491,2049.00
10045175939913,9999.00
10067776219339,4299.00
100052883899,5299.00
25168769082,2899.00
100045464164,2299.00
100042508764,4099.00
10055427371063,1998.00
100041945705,5348.00
10070798820086,9999.00
100019732797,1948.00
10067668147472,1408.00
10066710472740,1190.00
10074142702805,1799.00
100049660505,5988.00
10059523896827,2399.00
10059484153157,3638.00
10030096777139,2598.00
10067407964103,3798.00
10046202824543,7099.00
100037237905,2899.00
10063855893253,3199.00
10059193330026,4388.00
100046501048,3299.00
100048837218,1899.00
10072783204704,3439.00
10068194114316,4749.00
10070301667339,5189.00
10069519249294,3599.00
100042227585,15988.00
100047184486,338.00
100036364157,3398.00
10058117297359,4699.00
10064940240113,799.00
100042444890,3899.00
57166599464,2080.00
26115791734,1680.00
10070550746730,6099.00
10070240350529,3249.00
10068811184661,12999.00
10031479252312,1499.00
100014298906,5999.00
10071314973121,5898.00
40979483631,1448.00
100026243824,6999.00
10029898893358,8499.00
100032427194,1098.00
100020671615,2299.00
10047955259175,4799.00
10067796263217,5349.00
10064651987885,6569.00
66824345404,2458.00
10059319662189,4588.00
10067601279120,5815.00
56293922416,2377.00
10067796263218,6349.00
10022868270460,6499.00
100033711131,2369.00
44010607698,3499.00
100026698287,5999.00
10030725355548,4999.00
10033199215807,2149.00
40732394552,899.00
44754288978,4069.00
10060209836063,5427.00
10056879674155,3789.00
100039890440,6799.00
10054631882128,2498.00
10072026854916,8299.00
100025114517,9999.00
10071074965626,3799.00
100032996684,5899.00
10068057612553,7999.00
60444166043,12999.00
10072392069921,799.00
10039348279545,3799.00
10069386215744,5799.00
10058672387352,5498.00
10043503265393,1699.00
100042665396,17599.00
100039567962,999.00
10056803322932,1799.00
28404544529,3389.00
100038594662,7509.00
10033986541036,1138.00
10068529994217,1499.00
100028614701,1548.00
100043250310,9988.00
1622278244,399.00
10068130584088,2649.00
10049230205883,2379.00
10068814884179,4398.00
10052373514757,6356.00
26215860363,2049.00
100052120669,3499.00
10069950501964,6099.00
10067000181028,4399.00
